{
  "$schema": "https://schema.management.azure.com/schemas/2019-04-01/deploymentTemplate.json#",
  "contentVersion": "1.0.0.0",
  "parameters": {
    "sites_webapptraining0123_name": {
      "type": "String"
    },
    "serverfarms_ASP_TrainingWebapp_name": {
      "type": "String"
    }
  },
  "variables": {
  },
  "resources": [
    {
      "type": "Microsoft.Web/serverfarms",
      "apiVersion": "2022-09-01",
      "name": "[parameters('serverfarms_ASP_TrainingWebapp_name')]",
      "location": "East US",
      "sku": {
        "name": "F1",
        "tier": "Free",
        "size": "F1",
        "family": "F",
        "capacity": 0
      },
      "kind": "app",
      "properties": {
        "perSiteScaling": false,
        "elasticScaleEnabled": false,
        "maximumElasticWorkerCount": 1,
        "isSpot": false,
        "reserved": false,
        "isXenon": false,
        "hyperV": false,
        "targetWorkerCount": 0,
        "targetWorkerSizeId": 0,
        "zoneRedundant": false
      }
    },
    {
      "type": "Microsoft.Web/sites",
      "apiVersion": "2022-09-01",
      "name": "[parameters('sites_webapptraining0123_name')]",
      "location": "East US",
      "dependsOn": [
        "[resourceId('Microsoft.Web/serverfarms', parameters('serverfarms_ASP_TrainingWebapp_name'))]"
      ],
      "kind": "app",
      "properties": {
        "enabled": true,
        "hostNameSslStates": [
          {
            "name": "[concat(parameters('sites_webapptraining0123_name'), '.azurewebsites.net')]",
            "sslState": "Disabled",
            "hostType": "Standard"
          },
          {
            "name": "[concat(parameters('sites_webapptraining0123_name'), '.scm.azurewebsites.net')]",
            "sslState": "Disabled",
            "hostType": "Repository"
          }
        ],
        "serverFarmId": "[resourceId('Microsoft.Web/serverfarms', parameters('serverfarms_ASP_TrainingWebapp_name'))]",
        "reserved": false,
        "isXenon": false,
        "hyperV": false,
        "vnetRouteAllEnabled": false,
        "vnetImagePullEnabled": false,
        "vnetContentShareEnabled": false,
        "siteConfig": {
          "numberOfWorkers": 1,
          "acrUseManagedIdentityCreds": false,
          "alwaysOn": false,
          "http20Enabled": false,
          "functionAppScaleLimit": 0,
          "minimumElasticInstanceCount": 0
        },
        "scmSiteAlsoStopped": false,
        "clientAffinityEnabled": true,
        "clientCertEnabled": false,
        "clientCertMode": "Required",
        "hostNamesDisabled": false,
        "customDomainVerificationId": "6CCB4EF3CEE05DDAA24EBE82DCE9304663CEB9DAB62D6F5BF137FE99EF50D2B0",
        "containerSize": 0,
        "dailyMemoryTimeQuota": 0,
        "httpsOnly": true,
        "redundancyMode": "None",
        "publicNetworkAccess": "Enabled",
        "storageAccountRequired": false,
        "keyVaultReferenceIdentity": "SystemAssigned"
      }
    },
    {
      "type": "Microsoft.Web/sites/basicPublishingCredentialsPolicies",
      "apiVersion": "2022-09-01",
      "name": "[concat(parameters('sites_webapptraining0123_name'), '/ftp')]",
      "location": "East US",
      "dependsOn": [
        "[resourceId('Microsoft.Web/sites', parameters('sites_webapptraining0123_name'))]"
      ],
      "properties": {
        "allow": true
      }
    },
    {
      "type": "Microsoft.Web/sites/basicPublishingCredentialsPolicies",
      "apiVersion": "2022-09-01",
      "name": "[concat(parameters('sites_webapptraining0123_name'), '/scm')]",
      "location": "East US",
      "dependsOn": [
        "[resourceId('Microsoft.Web/sites', parameters('sites_webapptraining0123_name'))]"
      ],
      "properties": {
        "allow": true
      }
    },
    {
      "type": "Microsoft.Web/sites/config",
      "apiVersion": "2022-09-01",
      "name": "[concat(parameters('sites_webapptraining0123_name'), '/web')]",
      "location": "East US",
      "dependsOn": [
        "[resourceId('Microsoft.Web/sites', parameters('sites_webapptraining0123_name'))]"
      ],
      "properties": {
        "numberOfWorkers": 1,
        "defaultDocuments": [
          "Default.htm",
          "Default.html",
          "Default.asp",
          "index.htm",
          "index.html",
          "iisstart.htm",
          "default.aspx",
          "index.php",
          "hostingstart.html"
        ],
        "netFrameworkVersion": "v6.0",
        "requestTracingEnabled": false,
        "remoteDebuggingEnabled": false,
        "remoteDebuggingVersion": "VS2019",
        "httpLoggingEnabled": false,
        "acrUseManagedIdentityCreds": false,
        "logsDirectorySizeLimit": 35,
        "detailedErrorLoggingEnabled": false,
        "publishingUsername": "$webapptraining0123",
        "scmType": "VSTSRM",
        "use32BitWorkerProcess": true,
        "webSocketsEnabled": false,
        "alwaysOn": false,
        "managedPipelineMode": "Integrated",
        "virtualApplications": [
          {
            "virtualPath": "/",
            "physicalPath": "site\\wwwroot",
            "preloadEnabled": false
          }
        ],
        "loadBalancing": "LeastRequests",
        "experiments": {
          "rampUpRules": []
        },
        "autoHealEnabled": false,
        "vnetRouteAllEnabled": false,
        "vnetPrivatePortsCount": 0,
        "publicNetworkAccess": "Enabled",
        "localMySqlEnabled": false,
        "ipSecurityRestrictions": [
          {
            "ipAddress": "Any",
            "action": "Allow",
            "priority": 2147483647,
            "name": "Allow all",
            "description": "Allow all access"
          }
        ],
        "scmIpSecurityRestrictions": [
          {
            "ipAddress": "Any",
            "action": "Allow",
            "priority": 2147483647,
            "name": "Allow all",
            "description": "Allow all access"
          }
        ],
        "scmIpSecurityRestrictionsUseMain": false,
        "http20Enabled": false,
        "minTlsVersion": "1.2",
        "scmMinTlsVersion": "1.2",
        "ftpsState": "FtpsOnly",
        "preWarmedInstanceCount": 0,
        "elasticWebAppScaleLimit": 0,
        "functionsRuntimeScaleMonitoringEnabled": false,
        "minimumElasticInstanceCount": 0,
        "azureStorageAccounts": {}
      }
    },
    {
      "type": "Microsoft.Web/sites/hostNameBindings",
      "apiVersion": "2022-09-01",
      "name": "[concat(parameters('sites_webapptraining0123_name'), '/', parameters('sites_webapptraining0123_name'), '.azurewebsites.net')]",
      "location": "East US",
      "dependsOn": [
        "[resourceId('Microsoft.Web/sites', parameters('sites_webapptraining0123_name'))]"
      ],
      "properties": {
        "siteName": "webapptraining0123",
        "hostNameType": "Verified"
      }
    }
  ]
}