{
  "$schema": "https://schema.management.azure.com/schemas/2015-01-01/deploymentTemplate.json#",
  "contentVersion": "1.0.0.0",
  "parameters": {
    "vnetName": {
      "type": "string",
      "defaultValue": "aci-vnet",
      "metadata": {
        "description": "VNet name"
      }
    },
    "vnetAddressPrefix": {
      "type": "string",
      "defaultValue": "10.0.0.0/16",
      "metadata": {
        "description": "Address prefix"
      }
    },
    "subnetAddressPrefix": {
      "type": "string",
      "defaultValue": "10.0.0.0/24",
      "metadata": {
        "description": "Subnet prefix"
      }
    },
    "subnetName": {
      "type": "string",
      "defaultValue": "aci-subnet",
      "metadata": {
        "description": "Subnet name"
      }
    },
    "location": {
      "type": "string",
      "defaultValue": "[resourceGroup().location]",
      "metadata": {
        "description": "Location for all resources."
      }
    },
    "containerGroupName": {
      "type": "string",
      "defaultValue": "aci-containergroup",
      "metadata": {
        "description": "Container group name"
      }
    },
    "containerName": {
      "type": "string",
      "defaultValue": "aci-container",
      "metadata": {
        "description": "Container name"
      }
    },
    "image": {
      "type": "string",
      "metadata": {
        "description": "Container image to deploy. Should be of the form accountName/imagename:tag for images stored in Docker Hub or a fully qualified URI for a private registry like the Azure Container Registry."
      },
      "defaultValue": "microsoft/aci-helloworld"
    },
    "port": {
      "type": "string",
      "metadata": {
        "description": "Port to open on the container."
      },
      "defaultValue": "80"
    },
    "cpuCores": {
      "type": "string",
      "metadata": {
        "description": "The number of CPU cores to allocate to the container. Must be an integer."
      },
      "defaultValue": "1.0"
    },
    "memoryInGb": {
      "type": "string",
      "metadata": {
        "description": "The amount of memory to allocate to the container in gigabytes."
      },
      "defaultValue": "1.5"
    }
  },
  "variables": {
    "networkProfileName": "aci-networkProfile",
    "interfaceConfigName": "eth0",
    "interfaceIpConfig": "ipconfigprofile1"
  },
  "resources": [
    {
      "type": "Microsoft.Network/virtualNetworks",
      "name": "[parameters('vnetName')]",
      "apiVersion": "2018-07-01",
      "location": "[parameters('location')]",
      "properties": {
        "addressSpace": {
          "addressPrefixes": [
            "[parameters('vnetAddressPrefix')]"
          ]
        },
        "subnets": [
          {
            "name": "[parameters('subnetName')]",
            "properties": {
              "addressPrefix": "[parameters('subnetAddressPrefix')]",
              "delegations": [
                {
                  "name": "DelegationService",
                  "properties": {
                    "serviceName": "Microsoft.ContainerInstance/containerGroups"
                  }
                }
              ]
            }
          }
        ]
      }
    },
    {
      "name": "[variables('networkProfileName')]",
      "type": "Microsoft.Network/networkProfiles",
      "apiVersion": "2018-07-01",
      "location": "[parameters('location')]",
      "dependsOn": [
        "[resourceId('Microsoft.Network/virtualNetworks', parameters('vnetName'))]"
      ],
      "properties": {
        "containerNetworkInterfaceConfigurations": [
          {
            "name": "[variables('interfaceConfigName')]",
            "properties": {
              "ipConfigurations": [
                {
                  "name": "[variables('interfaceIpConfig')]",
                  "properties": {
                    "subnet": {
                      "id": "[resourceId('Microsoft.Network/virtualNetworks/subnets', parameters('vnetName'), parameters('subnetName'))]"
                    }
                  }
                }
              ]
            }
          }
        ]
      }
    },
    {
      "name": "[parameters('containerGroupName')]",
      "type": "Microsoft.ContainerInstance/containerGroups",
      "apiVersion": "2018-07-01",
      "location": "[parameters('location')]",
      "dependsOn": [
        "[resourceId('Microsoft.Network/networkProfiles', variables('networkProfileName'))]"
      ],
      "properties": {
        "containers": [
          {
            "name": "[parameters('containerName')]",
            "properties": {
              "image": "[parameters('image')]",
              "ports": [
                {
                  "port": "[parameters('port')]",
                  "protocol": "Tcp"
                }
              ],
              "resources": {
                "requests": {
                  "cpu": "[parameters('cpuCores')]",
                  "memoryInGB": "[parameters('memoryInGb')]"
                }
              }
            }
          }
        ],
        "osType": "Linux",
        "networkProfile": {
          "Id": "[resourceId('Microsoft.Network/networkProfiles', variables('networkProfileName'))]"
        },
        "restartPolicy": "Always"
      }
    }
  ],
  "outputs": {
    "containerIPv4Address": {
      "type": "string",
      "value": "[reference(resourceId('Microsoft.ContainerInstance/containerGroups/', parameters('containerGroupName'))).ipAddress.ip]"
    }
  }
}