{
    "properties": {
        "displayName": "Enforce tag and its value on resource groups",
        "description": "Enforces a required tag and its value on resource groups.",
        "mode": "All",
        "parameters": {
            "tagName": {
                "type": "String",
                "metadata": {
                    "description": "Name of the tag, such as costCenter"
                }
            },
            "tagValue": {
                "type": "String",
                "metadata": {
                    "description": "Value of the tag, such as headquarters"
                }
            }
        },
        "policyRule": {
            "if": {
                "allOf": [
                    {
                        "field": "type",
                        "equals": "Microsoft.Resources/subscriptions/resourceGroups"
                    },
                    {
                        "not": {
                            "field": "[concat('tags[',parameters('tagName'), ']')]",
                            "equals": "[parameters('tagValue')]"
                        }
                    }
                ]
            },
            "then": {
                "effect": "deny"
            }
        }
    }
}