{
   "$schema":"https://schema.management.azure.com/schemas/2015-01-01/deploymentTemplate.json#",
   "contentVersion":"1.0.0.0",
   "parameters":{
      "virtualNetworkName":{
         "type":"string",
         "defaultValue":"Application-Vnet",
         "metadata":{
            "description":"Virtual Network name"
         }
      },
      "vnetAddressPrefix":{
         "type":"string",
         "defaultValue":"10.0.0.0/16",
         "metadata":{
            "description":"Virtual Network address range"
         }
      },
      "subnetName":{
         "type":"string",
         "defaultValue":"ApplicationGatewaySubnet",
         "metadata":{
            "description":"Name of the subnet"
         }
      },
      "subnetPrefix":{
         "type":"string",
         "defaultValue":"10.0.0.0/24",
         "metadata":{
            "description":"Subnet address range"
         }
      },
      "applicationGatewayName":{
         "type":"string",
         "defaultValue":"applicationGatewayV2",
         "metadata":{
            "description":"Application Gateway name"
         }
      },
      "minCapacity":{
         "type":"int",
         "defaultValue":2,
         "metadata":{
            "description":"Minimum instance count for Application Gateway"
         }
      },
      "frontendPort":{
         "type":"int",
         "defaultValue":80,
         "metadata":{
            "description":"Application Gateway Frontend port"
         }
      },
      "backendPort":{
         "type":"int",
         "defaultValue":80,
         "metadata":{
            "description":"Application gateway Backend port"
         }
      },
      "backendIPAddresses":{
         "type":"array",
         "defaultValue":[
            {
               "IpAddress":"10.0.0.4"
            },
            {
               "IpAddress":"10.0.0.5"
            }
         ],
         "metadata":{
            "description":"Back end pool ip addresses"
         }
      },
      "cookieBasedAffinity":{
         "type":"string",
         "allowedValues":[
            "Enabled",
            "Disabled"
         ],
         "defaultValue":"Disabled",
         "metadata":{
            "description":"Cookie based affinity"
         }
      },
      "location":{
         "type":"string",
         "defaultValue":"[resourceGroup().location]",
         "metadata":{
            "description":"Location for all resources."
         }
      }
   },
   "variables":{
      "appGwPublicIpName":"[concat(parameters('applicationGatewayName'), '-pip')]",
      "appGwPublicIPRef":"[resourceId('Microsoft.Network/publicIPAddresses',variables('appGwPublicIpName'))]",
      "appGwSize":"Standard_v2",
      "subnetRef":"[resourceId('Microsoft.Network/virtualNetworks/subnets', parameters('virtualNetworkName'), parameters('subnetName'))]"
   },
   "resources":[
      {
         "apiVersion":"2018-08-01",
         "type":"Microsoft.Network/virtualNetworks",
         "name":"[parameters('virtualNetworkName')]",
         "location":"[parameters('location')]",
         "properties":{
            "addressSpace":{
               "addressPrefixes":[
                  "[parameters('vnetAddressPrefix')]"
               ]
            },
            "subnets":[
               {
                  "name":"[parameters('subnetName')]",
                  "properties":{
                     "addressPrefix":"[parameters('subnetPrefix')]"
                  }
               }
            ]
         }
      },
      {
         "apiVersion":"2018-08-01",
         "type":"Microsoft.Network/publicIPAddresses",
         "name":"[variables('appGwPublicIpName')]",
         "location":"[parameters('location')]",
         "sku":{
            "name":"Standard"
         },
         "properties":{
            "publicIPAllocationMethod":"Static"
         }
      },
      {
         "apiVersion":"2018-08-01",
         "name":"[parameters('applicationGatewayName')]",
         "type":"Microsoft.Network/applicationGateways",
         "location":"[parameters('location')]",
         "dependsOn":[
            "[variables('appGwPublicIPRef')]",
            "[concat('Microsoft.Network/virtualNetworks/', parameters('virtualNetworkName'))]"
         ],
         "properties":{
            "sku":{
               "name":"[variables('appGwSize')]",
               "tier":"Standard_v2"
            },
            "autoscaleConfiguration":{
               "minCapacity":"[parameters('minCapacity')]"
            },
            "gatewayIPConfigurations":[
               {
                  "name":"appGatewayIpConfig",
                  "properties":{
                     "subnet":{
                        "id":"[variables('subnetRef')]"
                     }
                  }
               }
            ],
            "frontendIPConfigurations":[
               {
                  "name":"appGatewayFrontendIP",
                  "properties":{
                     "PublicIPAddress":{
                        "id":"[variables('appGwPublicIpRef')]"
                     }
                  }
               }
            ],
            "frontendPorts":[
               {
                  "name":"appGatewayFrontendPort",
                  "properties":{
                     "Port":"[parameters('frontendPort')]"
                  }
               }
            ],
            "backendAddressPools":[
               {
                  "name":"appGatewayBackendPool",
                  "properties":{
                     "BackendAddresses":"[parameters('backendIPAddresses')]"
                  }
               }
            ],
            "backendHttpSettingsCollection":[
               {
                  "name":"appGatewayBackendHttpSettings",
                  "properties":{
                     "Port":"[parameters('backendPort')]",
                     "Protocol":"Http",
                     "CookieBasedAffinity":"[parameters('cookieBasedAffinity')]"
                  }
               }
            ],
            "httpListeners":[
               {
                  "name":"appGatewayHttpListener",
                  "properties":{
                     "FrontendIpConfiguration":{
                        "Id":"[resourceId('Microsoft.Network/applicationGateways/frontendIPConfigurations', parameters('applicationGatewayName'), 'appGatewayFrontendIP')]"
                     },
                     "FrontendPort":{
                        "Id":"[resourceId('Microsoft.Network/applicationGateways/frontendPorts', parameters('applicationGatewayName'), 'appGatewayFrontendPort')]"
                     },
                     "Protocol":"Http"
                  }
               }
            ],
            "requestRoutingRules":[
               {
                  "Name":"rule1",
                "properties": {
                  "RuleType": "Basic",
                  "httpListener": {
                    "id": "[resourceId('Microsoft.Network/applicationGateways/httpListeners', parameters('applicationGatewayName'), 'appGatewayHttpListener')]"
                  },
                  "backendAddressPool": {
                    "id": "[resourceId('Microsoft.Network/applicationGateways/backendAddressPools', parameters('applicationGatewayName'), 'appGatewayBackendPool')]"
                  },
                  "backendHttpSettings": {
                    "id": "[resourceId('Microsoft.Network/applicationGateways/backendHttpSettingsCollection', parameters('applicationGatewayName'), 'appGatewayBackendHttpSettings')]"
                  }
                }
               }
            ]
         }
      }
   ]
}